id;title;type;visibility;description;edited_by;edited_at;attachments;response_to_comment_id
1;comme assez;combien encore;au moyen de;de peur de hormis prévaloir;lâche;2024-01-16;bzzz chut sédentaire;8577
2;après-demain commis neutre;au-dessous de sus adepte;adepte jouir;sédentaire délectable assez;à l'exception de;2024-01-15;pour que frémir fade;17810
3;flotter;quoique tic-tac;respirer;en dehors de intrépide presque;désagréable;2024-01-15;drelin à côté de;20564
4;rectorat;généraliser;dès que;partenaire un peu crac;population du Québec à la faveur de biathlète;2024-01-16;appliquer;12168
5;terne arrière;pour que;smack entre naître;large au-dessous de;verser du moment que;2024-01-16;loin de quasiment hystérique;5002
6;équipe de recherche si avant;euh partager;infiniment;ronron totalement pendant que;tellement;2024-01-16;antique apte;29121
7;conseiller carrément;électorat;composer sans doute;boum;autrement délectable;2024-01-16;impromptu au moyen de sitôt;16093
8;biathlète;explorer;vouh conseil municipal distribuer;boum vlan;barrer à l'insu de;2024-01-15;croâ;21085
9;plic horrible;à peu près fonctionner;équipe de recherche;ouille main-d’œuvre;apparemment glouglou;2024-01-15;de peur que;16537
10;personnel professionnel défaire sus;moyennant;vu que d'abord;afin que;vu que au prix de avant-hier;2024-01-15;vu que;16038
