id;title;description;created_by;created_at;attachments;notes
1;bof peut-être ha;tic-tac mal goûter;dérober;2024-01-16;géométrique parlementaire;alors que probablement
2;ferme;contre malade tandis que;tirer;2024-01-15;en dedans de;mêler aux alentours de à partir de
3;tsoin-tsoin cadre habile;après que;marron ensemble;2024-01-15;puisque vers;équipe certainement administration
4;nonobstant;davantage concurrence regarder;direction rédaction ah;2024-01-16;autour;entrer rédaction hors de
5;aussitôt que;autant afin que;gens de sorte que;2024-01-16;en face de;laver
6;spécialiste smack;dehors diététiste;de crainte que sincère proclamer;2024-01-16;sitôt;parce que jusque ha ha
7;apercevoir ha;totalement;blême puisque;2024-01-16;lors de coordonner au dépens de;afin de apaiser employer
8;via;lentement membre de l’équipe;tellement autrefois;2024-01-15;prout;marron tant
9;blême;dans la mesure où autour de incalculable;devant gémir bien;2024-01-15;brusque;près même si
10;fixer personnel;bâtir;égoïste avant personnel;2024-01-16;mince pschitt;même si tant
